"Participant","Sex","Race","Age","School_year","Major","Handedness","Glasses","Acuity","Color_vision","Stereo_amin","motion_dur_thr","motion_dur_thr_mean","motion_dur_thr_sd","contrast_thr","contrast_thr_mean","contrast_thr_sd","vocab","Vocabulary_scores_cor_num","mental_rot","Mental_Rotation_scores_both","Feminine_hobbies","Masculine_hobbies","hobby_mean","femscale","masscale","Golf","Painting","Dancing","Going to rock concerts","Going to parties","Home electronics","Going to amusement parks","Going to art galleries","Going to church groups","Writing poetry","Surfing","Volleyball","Entertaining others","Trying new fashions","Aerobics","Travelling","Computers","Video games","Talking on phone with friends","Clothes shopping","Romance novels","Reading science fiction","Watching violent movies","Sailing","Going to car shows","Singing","Swimming","Collecting stamps","Collecting CDs","Photography","Fishing","Drawing","Going out to drink with friends","Poker","Playing basketball","Listening to religious music","Going to formal dress affairs","Going to night clubs","TV sports","Skiing","Football","Camping","Cooking","Weight lifting","Going to movies","Playing a musical instrument","Raising pets","Working on cars","Going to shows and plays","Knitting","Going out on dates","“Thriller” movies","Romance movies","Going out to dinner with friends","Going to museums","House plants","Drag racing","Collecting coins","Collecting stuffed animals","Collecting pictures of friends and family"
"119","Female","White","18-19","1st","Political Science","right",NA,"20/16",NA,"40",0.101240779305036,0.104296806668282,0.0176589720369996,0.165708307093168,0.194088376970547,0.0731902109974592,7.25,13,28,8,4.13636363636364,3.2,3.65,0.486363636363637,-0.45,3,5,5,2,5,5,4,4,3,2,4,4,5,5,4,5,5,4,5,5,4,1,2,5,1,3,5,2,1,4,1,4,3,4,4,2,4,4,4,4,4,2,3,2,4,3,4,2,4,2,5,4,5,5,5,5,3,2,4,5
"110","Female","Black","18-19","1st","Psychology and BioBehavioral Health","left",NA,"20/16",NA,"40",0.108941437595919,0.108550001352596,0.0067023308651914,0.230069307192277,0.230949497323159,0.0712668170378147,6,10,15,2,4.18181818181818,3.6,3.86666666666667,0.315151515151515,-0.266666666666667,2,4,5,2,5,4,5,4,1,3,3,5,5,5,4,5,5,5,5,5,4,3,4,3,3,4,5,3,3,5,3,4,5,3,5,3,4,5,5,3,5,3,5,2,5,2,2,2,5,2,4,5,5,5,4,3,3,2,4,5
"121","Male","White","18-19","1st","Supply Chain Management","right",NA,"20/16",NA,"40",0.0991649570648404,0.104963122464618,0.0162243005492062,0.147198716218844,0.147202725223062,0.00540312144558858,8.5,14,30,12,3.31818181818182,4.8,3.93333333333333,-0.615151515151515,0.866666666666667,5,2,1,2,5,5,5,3,4,1,5,5,5,4,5,5,4,4,5,5,1,2,4,5,5,1,5,1,1,5,5,3,5,5,5,4,4,5,5,5,5,5,4,5,5,3,5,5,3,1,5,5,4,5,3,3,5,3,1,5
"123","Female","White","20-21","2nd","Psychology","right",NA,"20/16",NA,"40",0.0649569353865048,0.0658583934101097,0.00724523877878333,0.178179721539238,0.182696592527051,0.0398500216370414,14.75,19,24,11,3.68181818181818,2.73333333333333,3.31666666666667,0.365151515151515,-0.583333333333333,2,4,4,4,5,5,5,3,3,2,3,5,5,4,3,5,4,3,4,5,4,3,2,3,2,3,2,1,1,4,4,3,5,3,2,1,4,4,4,3,3,4,5,2,4,3,5,1,4,2,5,1,5,5,3,3,1,1,1,5
"125","Female","White","18-19","1st","Biobehavioral Health","right",NA,"20/16",NA,"40",0.118151249721571,0.115970496332279,0.0105275210696942,0.180458915613266,0.218529608624813,0.0905733365349129,7.5,13,28,9,3.45454545454545,2.86666666666667,3.23333333333333,0.221212121212121,-0.366666666666667,4,4,4,2,5,3,4,2,4,3,4,4,5,5,5,2,3,2,3,4,3,1,1,3,2,4,5,1,1,4,3,5,5,3,3,4,4,3,4,1,5,1,5,4,4,5,5,1,4,2,4,2,3,5,1,2,1,1,2,5
"127","Female","White","20-21","3rd","psychology","right",NA,"20/16",NA,"40",0.1694241960222,0.179076034476879,0.0558715659406304,0.139710348022251,0.141104107945918,0.00671127352425403,6,12,21,4,3.31818181818182,3.33333333333333,3.26666666666667,0.0515151515151517,0.0666666666666669,1,2,4,1,4,4,5,3,2,1,3,4,4,4,5,5,3,2,2,4,1,1,5,5,2,2,4,1,1,3,4,2,5,3,3,2,5,5,5,3,5,3,4,5,2,3,5,3,3,2,5,5,5,5,4,4,2,1,1,4
"320","Female","White","18-19","1st","bachelor of fine arts in acting","right",NA,"20/16",NA,"40",0.0937519172460533,0.0920912193582944,0.00429524481972067,0.163175097867754,0.160216635611771,0.0206060748527344,9.25,11,28,11,4.13636363636364,2.66666666666667,3.5,0.636363636363637,-0.833333333333333,2,5,5,5,5,4,5,4,4,2,3,2,5,5,4,5,5,3,4,4,4,1,4,3,2,5,4,1,1,5,1,1,5,1,1,4,4,4,3,1,5,3,5,3,5,4,5,2,5,2,4,5,5,5,4,4,1,1,1,5
"112","Female","White","20-21","3rd","psychology","right",NA,"20/16",NA,"40",0.0856212131098237,0.113736980306714,0.066051225100038,0.191831746140243,0.264884439517065,0.162687568053099,5,11,35,16,3.04545454545455,2.53333333333333,2.83333333333333,0.212121212121212,-0.3,5,5,2,4,4,4,4,4,1,1,1,2,2,2,2,5,5,3,5,4,1,1,5,1,1,1,5,1,1,5,2,1,5,4,1,1,1,4,2,1,1,1,5,1,5,5,1,1,5,1,5,5,5,5,5,5,2,1,1,1
"114","Female","White","18-19","1st","undecided","right",NA,"20/16",NA,"40",NA,NA,NA,0.283401175955111,0.317506085047587,0.16490223312902,3.75,10,15,1,3.54545454545455,2.93333333333333,3.33333333333333,0.212121212121212,-0.4,3,4,4,4,5,4,5,2,4,1,1,4,3,4,2,5,5,5,5,5,4,2,3,3,3,3,4,2,2,4,4,3,3,4,3,3,4,4,2,3,3,3,3,2,4,3,5,1,4,3,3,4,4,5,2,3,1,2,3,4
"129","Female","Asian","18-19","1st","Marketing","right",NA,"20/16",NA,"40",0.108045191027504,0.105591238484805,0.0165459136509656,0.146987491936603,0.149044894762881,0.0116463233797819,2.75,9,30,11,4,2.8,3.55,0.45,-0.75,2,2,3,1,5,3,5,4,3,2,4,3,4,3,5,5,3,2,4,4,4,4,2,4,2,4,5,2,2,5,4,2,5,1,3,2,5,3,4,4,5,5,5,3,5,4,5,2,3,2,4,5,5,5,4,4,2,2,4,5
"324","Female","White","18-19","1st","human development and family studies","right",NA,"20/16",NA,"40",0.09566676153368,0.0972689998948737,0.00632417780173273,0.1501958407375,0.150176847637906,0.00892436456002648,6,12,36,16,3.45454545454545,2.86666666666667,3.18333333333333,0.271212121212121,-0.316666666666666,3,5,5,1,5,5,5,3,2,1,1,1,5,3,1,5,3,3,5,5,3,3,4,1,1,5,2,1,1,3,4,4,5,3,4,1,4,4,3,1,4,4,4,2,4,5,4,1,4,1,4,5,4,5,4,5,2,1,1,3
"116","Female","Asian","22-23","4th","PSYCH","right",NA,"20/16",NA,"40",0.105162639208408,0.10466007933043,0.0106063292021095,0.213260736495859,0.263994736133835,0.120909687607515,4.75,11,16,3,3.22727272727273,2.6,2.96666666666667,0.26060606060606,-0.366666666666667,4,3,2,2,3,3,4,3,4,2,3,3,3,3,2,4,4,2,4,3,3,3,2,4,2,4,3,2,2,3,3,3,4,3,1,2,3,3,3,2,2,2,4,3,4,3,4,2,4,3,3,4,4,4,3,3,2,2,3,3
"131","Female","Hispanic/Latino","18-19","2nd","Psychology","right",NA,"20/16",NA,"80",0.0942738313608109,0.0983440311451383,0.00913420053945385,0.143475891564679,0.152566895628343,0.0190349713261267,8.75,14,27,13,3.95454545454545,3,3.48333333333333,0.471212121212121,-0.483333333333333,3,5,4,2,3,3,4,5,3,3,4,4,4,4,4,4,3,3,4,4,5,5,3,3,2,3,3,1,1,4,3,4,3,2,4,3,4,3,4,4,3,4,4,3,4,3,4,2,4,3,4,4,5,5,5,4,3,2,2,4
"118","Female","White","18-19","1st","Biobehavioral Health","right",NA,"20/16",NA,"40",0.100206918736136,0.101007337415681,0.00385059864133199,0.168351402140284,0.173428246330656,0.010750926497061,13.5,18,33,13,3.45454545454545,3.4,3.53333333333333,-0.0787878787878786,-0.133333333333333,4,3,5,5,5,5,5,3,2,1,4,4,5,3,4,5,4,4,5,4,5,5,5,4,1,2,5,1,1,3,2,2,5,3,5,2,5,5,3,3,4,2,2,4,5,2,4,1,4,2,5,5,5,5,2,3,2,2,2,4
"133","Female","White","18-19","1st","Athletic Training","right",NA,"20/16",NA,"40",0.0924810241709711,0.0930316815091254,0.011048238153146,0.167049052690506,0.165220259658215,0.0244588065877085,4.75,11,23,3,3.22727272727273,4.06666666666667,3.45,-0.222727272727273,0.616666666666666,4,3,3,4,5,4,5,1,1,1,5,5,5,5,5,5,4,3,5,5,1,1,3,4,4,2,5,1,1,5,4,3,5,4,5,1,5,5,5,4,5,2,4,4,3,1,2,2,3,1,5,4,4,5,2,2,5,1,1,5
"120","Female","Asian","18-19","1st","Computer Science","right",NA,"20/16",NA,"40",0.109726655166015,0.104412289379023,0.0147800602232704,0.163790071349366,0.164391323509889,0.0115816217298855,4.75,11,25,5,3.95454545454545,2.8,3.6,0.354545454545454,-0.8,1,5,4,2,5,4,5,5,1,2,3,4,3,4,3,5,4,4,5,5,2,4,4,3,2,4,5,2,4,5,1,5,5,3,4,3,4,4,3,5,2,1,4,2,5,2,2,2,4,3,4,5,4,5,4,5,3,4,4,5
"330","Male","White","18-19","2nd","undecided","right",NA,"20/20",NA,"40",0.0729424191332289,0.0711133652409213,0.0127744463038743,0.151992392094473,0.16062385239722,0.0241210538017536,12.5,17,25,11,4.09090909090909,4.4,4.16666666666667,-0.0757575757575761,0.233333333333333,5,5,5,3,4,5,4,4,5,5,5,4,5,3,4,5,4,4,5,5,3,4,3,5,4,3,5,3,3,4,4,4,5,4,4,4,3,3,5,3,5,4,4,5,4,5,5,5,4,3,5,4,4,5,3,5,4,3,3,5
"135","Female","White","18-19","1st","Criminology","either",NA,"20/16",NA,"100",0.0901080509291451,0.089168000010821,0.00550365718450001,0.150268596343204,0.149425075372861,0.00700849549822413,10,15,20,2,3.72727272727273,2.86666666666667,3.45,0.277272727272727,-0.583333333333333,2,3,4,4,4,4,4,3,2,3,3,4,4,4,4,5,4,4,4,5,3,4,4,3,3,4,5,2,3,4,1,4,4,3,3,1,4,4,2,3,3,3,4,2,4,4,5,2,4,3,4,4,4,5,3,4,3,2,2,4
"122","Female","White","23+","4th","Psychology","either",NA,"20/16",NA,"40",0.126695928790844,0.144601375981497,0.0454406789776525,0.162229955621471,0.161759951480987,0.0116193115413033,13.5,18,18,2,3.18181818181818,1.66666666666667,2.55,0.631818181818182,-0.883333333333333,1,4,4,3,4,4,3,3,3,1,3,2,2,5,3,4,1,3,4,5,2,1,1,3,1,1,2,1,1,5,1,4,5,1,1,1,3,4,3,1,1,1,4,2,3,1,5,1,1,1,3,3,3,5,2,3,1,1,4,4
"124","Male","Prefer not to answer","20-21","1st","mechanical engineering","right",NA,"20/16",NA,"40",0.0686058822663824,0.0693836691586408,0.0104298321174604,0.168926783983637,0.16887832426331,0.0354933732181346,3,9,37,17,3.45454545454545,4.2,3.46666666666667,-0.0121212121212122,0.733333333333333,5,4,4,1,3,5,5,4,1,3,3,4,4,4,3,4,5,5,4,3,2,3,4,3,5,4,4,1,1,4,3,4,3,3,4,1,4,3,3,3,4,2,4,5,5,4,3,5,4,1,3,4,3,5,4,3,4,1,3,5
"137","Female","White","18-19","1st","Advertising and History","right",NA,"20/16",NA,"40",0.0986545823497456,0.0987612679783132,0.00472000563942153,0.151318635625741,0.156165535664059,0.0191679763927684,14.75,19,28,10,4.36363636363636,3.66666666666667,4.13333333333333,0.23030303030303,-0.466666666666667,3,4,5,5,5,5,4,5,5,3,3,4,4,3,3,5,3,2,4,5,4,5,5,3,3,5,4,3,3,4,3,3,5,4,5,5,5,5,5,3,5,5,4,3,5,5,5,3,5,3,4,5,5,5,5,5,3,3,3,5
"139","Female","White","18-19","1st","undecided","right",NA,"20/16",NA,"50",NA,NA,NA,0.177412688829228,0.172124888330678,0.017803988907517,13.5,18,17,4,4,3.06666666666667,3.8,0.2,-0.733333333333333,1,5,5,5,5,5,5,4,1,4,5,4,5,5,3,5,5,5,5,5,2,4,5,5,1,5,3,2,2,5,1,5,5,4,2,1,5,5,2,5,3,4,5,4,5,3,5,1,5,5,5,5,2,5,5,5,2,1,1,1
"335","Male","Asian","20-21","4th","Mechanical engineering","right",NA,"20/16",NA,"40",0.072201788667338,0.0724845991186162,0.0108888084590904,0.141475506041931,0.116983083638177,0.0652749460230385,10.75,14,36,17,3.18181818181818,3.26666666666667,3.31666666666667,-0.134848484848485,-0.0500000000000003,2,4,2,1,4,5,4,4,3,1,3,2,4,3,3,5,5,5,4,3,3,5,3,4,3,3,3,2,2,2,4,4,4,3,3,2,3,3,2,4,3,5,4,3,4,3,5,3,3,3,5,3,3,5,4,3,2,3,2,4
"336","Male","White","18-19","1st","Computer science","right",NA,"20/16",NA,"40",0.0718145370549468,0.0731488810094563,0.0091733721309912,0.1455608200476,0.146643089301337,0.0116185020165471,18.5,20,40,20,2.63636363636364,3.33333333333333,3,-0.363636363636364,0.333333333333333,4,5,2,5,1,5,4,5,3,4,1,3,3,2,3,4,5,5,4,1,1,5,5,3,5,3,2,1,1,4,3,5,1,4,3,2,1,2,1,5,2,4,1,1,5,4,2,3,3,1,3,5,1,5,4,2,3,1,1,3
"337","Male","Asian","18-19","1st","Biochemistry","right",NA,"20/20",NA,"60",0.0876614105997943,0.0951972314181627,0.0250968172093333,0.172056935203221,0.171295452855215,0.00737912714625621,7.25,13,33,15,3.22727272727273,3.26666666666667,3.13333333333333,0.0939393939393938,0.133333333333333,4,3,2,3,1,5,3,4,1,1,1,4,4,5,1,5,5,5,5,5,1,4,3,3,3,4,1,5,3,3,3,2,4,3,5,1,4,1,4,1,2,3,5,1,5,4,5,2,3,1,2,1,1,5,5,3,3,5,2,5
"338","Female","White","18-19","2nd","psychology","right",NA,"20/20",NA,"60",0.10943863888291,0.145552084284758,0.0761528320577794,0.173960349630595,0.203689788650734,0.0854044111970073,9,10,30,12,4,2.66666666666667,3.41666666666667,0.583333333333333,-0.75,2,4,4,1,4,2,4,4,2,3,3,2,2,4,4,5,4,3,4,5,5,3,3,3,2,4,4,3,2,4,2,4,4,2,2,2,4,4,4,4,4,4,4,4,4,4,4,1,4,4,5,4,4,5,4,5,2,2,2,4
"339","Female","White","18-19","1st","communications","right",NA,"20/16",NA,"40",0.0878978553285014,0.0867796908776869,0.0037270929917229,0.217974902260194,0.249544523899166,0.117525038487164,13.5,18,24,8,3.68181818181818,2.86666666666667,3.45,0.231818181818181,-0.583333333333333,2,5,4,1,5,4,5,3,2,1,4,3,4,4,3,5,4,2,5,5,2,2,2,3,2,2,4,2,2,5,3,5,4,2,2,2,4,4,4,5,4,3,4,3,5,3,5,2,4,3,4,5,4,5,4,4,3,2,3,5
"340","Male","Asian","20-21","3rd","Computational Data Sciences","right",NA,"20/25",NA,"40",0.0800948127636196,0.0790521138942673,0.00704364918897714,0.149298225789646,0.149100578631899,0.00334322403850625,16,20,28,9,2.40909090909091,3.13333333333333,2.81666666666667,-0.407575757575758,0.316666666666666,3,1,1,3,1,5,3,1,1,1,4,3,4,3,1,4,5,4,4,2,3,4,4,4,2,3,4,3,3,4,3,1,4,2,1,3,2,1,1,4,1,3,5,5,3,3,5,3,1,1,3,3,3,4,1,1,4,3,4,3
"342","Female","White","20-21","3rd","Psychology - Neuroscience","right",NA,"20/16",NA,"40",0.0974798220508006,0.101109600249369,0.0153441309639418,0.166364506336649,0.190291290691006,0.0679963387109272,13.5,18,26,9,3.36363636363636,3.53333333333333,3.31666666666667,0.0469696969696969,0.216666666666666,3,3,1,1,5,4,5,3,2,1,3,3,4,5,1,5,4,4,5,5,2,2,5,3,4,1,2,1,1,3,3,3,5,4,2,1,5,5,4,5,4,1,5,1,5,1,5,3,3,3,5,5,5,5,3,4,5,1,2,5
"343","Male","White","18-19","1st","English/Secondary Education","right",NA,"20/20",NA,"400",0.0705376642278656,0.0714016148591038,0.00779885388216042,0.149810831709019,0.150295814066159,0.00580051985659484,21,22,26,12,3.45454545454545,3.53333333333333,3.46666666666667,-0.0121212121212122,0.0666666666666664,3,4,2,2,3,3,4,4,2,1,3,4,4,3,4,5,4,5,5,2,2,4,4,3,4,4,1,2,2,3,4,5,4,3,3,3,2,2,4,4,4,3,5,3,4,3,5,3,4,4,5,5,4,5,4,4,3,3,3,4
"344","Female","White","18-19","1st","undecided","right",NA,"20/16",NA,"40",0.0783886782030712,0.0751774322770646,0.0108810221830996,0.163460045922026,0.182840953650368,0.053820406365022,11,16,27,8,3.95454545454545,3.73333333333333,3.95,0.00454545454545441,-0.216666666666667,4,2,4,4,5,5,5,4,3,2,3,4,5,3,3,5,5,4,5,2,4,2,5,5,4,5,5,2,4,5,5,2,5,2,2,3,5,5,5,5,5,5,5,2,5,4,5,2,5,1,5,5,5,5,4,5,3,2,2,5
"345","Male","Asian","18-19","1st","Secondary English Education","right",NA,"20/16",NA,"40",0.0738209317025741,0.0756721363321711,0.00939290326293482,0.155670701171575,0.15398320112317,0.0127227731685791,3,5,40,20,3.86363636363636,3.53333333333333,3.7,0.163636363636364,-0.166666666666667,3,3,4,2,2,5,5,4,2,5,3,3,4,5,3,5,5,5,5,4,4,5,5,3,2,5,3,3,4,4,4,3,2,4,3,4,3,4,3,3,3,4,4,3,5,5,4,2,5,4,5,5,2,5,4,4,3,3,1,3
"341","Female","White","18-19","2nd","psychology and neuroscience","right",NA,"20/20",NA,"50",0.0978785844553491,0.0983350899889993,0.00313488686187598,0.172741217962208,0.182938485457362,0.0374268140008046,6,12,20,2,3.95454545454545,2.93333333333333,3.4,0.554545454545455,-0.466666666666667,3,4,4,2,5,3,4,4,3,3,3,4,5,5,4,5,4,2,5,5,3,2,2,1,1,3,4,1,1,5,3,3,5,2,4,1,5,5,5,3,5,2,5,5,4,2,5,1,4,1,5,4,4,5,3,2,1,1,4,5
"346","Male","Asian","18-19","1st","Biology","either","none","20/20",NA,"40",0.0627638440371416,0.0624299734634649,0.00789685817959975,0.180314484894975,0.200255934903923,0.0652890646953732,7,9,28,11,3.95454545454545,3.86666666666667,3.86666666666667,0.0878787878787879,0,3,4,3,3,5,5,5,4,2,3,4,4,5,4,3,5,5,4,3,4,5,5,3,3,3,4,4,3,2,5,5,5,3,2,5,2,5,3,5,3,5,4,5,3,5,3,3,3,4,3,5,4,5,5,5,3,3,4,4,3
"347","Female","White","18-19","1st","Kinesiology","right","none","20/16",NA,"40",0.0890649902531303,0.0915382371122142,0.00551121621853286,0.165464586112143,0.199266258754972,0.0883516254145473,9.75,15,31,12,3.81818181818182,2.33333333333333,3.15,0.668181818181818,-0.816666666666666,1,4,5,1,5,4,2,2,4,1,1,4,4,5,2,5,4,2,5,5,4,4,1,3,1,4,4,2,2,4,1,1,5,4,2,2,5,5,4,1,4,4,5,4,4,2,5,1,4,4,4,1,4,5,2,4,1,1,1,4
"348","Female","White","18-19","1st","undecided","either","none","20/20",NA,"800",0.0860136475862422,0.0854278415065729,0.00625601414012184,0.167410868884052,0.162878274087386,0.0238710134593126,16,20,30,11,3.81818181818182,4.2,3.91666666666667,-0.0984848484848482,0.283333333333334,4,4,5,4,5,5,4,5,2,1,5,5,4,4,4,5,4,4,5,5,4,3,3,4,5,5,5,2,3,4,4,3,5,4,4,2,3,5,5,5,5,3,5,3,4,4,5,4,3,3,4,3,3,5,5,3,4,2,2,3
"349","Female","Prefer not to answer","18-19","1st","biomedical engineering","right","glasses/contacts","20/20",NA,"60",0.0966100765568531,0.122773698691201,0.0565624863421061,0.143372578338201,0.144482480363849,0.00442622701396961,0.75,3,26,9,4.04545454545455,2.4,5.26666666666667,-1.22121212121212,-2.86666666666667,1,5,3,4,5,5,5,4,3,4,3,5,5,5,3,5,5,5,5,5,5,4,3,99,1,3,3,5,3,4,2,5,3,3,2,3,3,3,1,4,1,3,2,1,5,4,5,2,1,4,5,4,5,5,5,5,1,4,5,5
"350","Female","White","20-21","3rd","Communication Sciences and Disorders","right","glasses/contacts","20/20",NA,"40",0.114275979261802,0.143598093151618,0.06073674276797,0.26498203829512,0.270496175444814,0.145149322882105,3.5,10,27,7,3.59090909090909,1.86666666666667,3.03333333333333,0.557575757575758,-1.16666666666667,2,5,3,3,4,5,4,2,1,1,1,1,4,4,3,5,4,2,5,5,2,1,2,4,1,3,4,1,1,5,3,5,4,1,1,1,5,4,2,5,1,2,5,1,5,2,5,1,5,1,5,4,5,5,3,4,1,1,2,5
"351","Female","White","20-21","3rd","Psychology","right","none","20/16",NA,"40",0.0932321069658443,0.0978209088196691,0.0160589231545665,0.218795065968056,0.27638571675647,0.148991084531266,6,12,23,7,3.5,2.66666666666667,3.21666666666667,0.283333333333333,-0.55,2,4,4,3,4,4,4,2,2,2,2,4,4,4,2,5,4,3,4,5,4,4,3,2,2,3,3,2,2,3,2,3,4,2,3,2,4,4,3,3,4,3,4,2,4,2,5,2,4,2,4,4,5,5,4,2,2,2,2,5
"352","Female","White","18-19","2nd","psychology","left","glasses/contacts","20/16",NA,"40",0.152651239260805,0.148342235232625,0.0509469669079564,0.149162072184226,0.182099083565166,0.0724060808945083,7.75,10,26,11,4,2.86666666666667,3.51666666666667,0.483333333333333,-0.65,2,5,3,5,5,5,5,5,3,3,2,5,5,4,3,5,4,3,5,5,3,2,2,3,2,4,3,2,3,5,3,5,3,3,3,1,4,3,2,2,3,4,4,3,4,2,3,3,5,3,5,2,4,5,3,4,3,3,3,5
"354","Female","Black","18-19","1st","Information Sciences and Technology","right","none","20/16",NA,"40",0.145962702161555,0.167693619308849,0.0693064222793521,0.219330525368681,0.229970728027296,0.0732845671856492,7.25,13,15,1,3.40909090909091,1.8,4.13333333333333,-0.724242424242425,-2.33333333333333,2,4,1,1,4,3,2,4,5,3,1,2,3,5,2,4,4,1,5,5,4,3,2,1,1,2,1,1,1,3,2,99,2,1,2,5,5,3,2,2,2,1,4,2,4,1,1,1,1,1,3,1,4,4,4,3,1,1,1,5
"353","Female","White","20-21","3rd","Biobehavioral Health and Psychology","right","none","20/16",NA,"40",0.103022151473369,0.106018378926728,0.0182086749378886,0.160133565050622,0.172129432533881,0.0453816661101754,11,16,25,11,3.45454545454545,2.46666666666667,3.13333333333333,0.321212121212121,-0.666666666666667,2,5,4,4,4,2,4,4,2,2,1,2,2,4,2,5,3,2,4,4,4,2,4,4,2,4,4,1,1,3,3,4,4,3,2,2,2,4,3,4,2,4,4,4,4,4,4,2,4,2,3,4,4,4,4,5,2,1,1,4
"355","Female","White","18-19","1st","BBH","right","glasses/contacts","20/16",NA,"40",0.0803149561967137,0.0798380361873657,0.00141935578159156,0.156619888519509,0.1574881166218,0.0148592442945992,14.75,19,33,15,3.81818181818182,3.33333333333333,3.56666666666667,0.251515151515151,-0.233333333333333,2,4,5,2,5,5,5,1,4,1,4,5,5,4,4,5,5,4,5,5,4,1,4,4,2,5,5,1,1,5,4,4,4,2,5,4,4,2,4,5,5,4,4,2,4,2,4,1,5,1,4,4,5,5,1,4,1,1,3,4
"356","Male","Black","20-21","2nd","Psychology","right","none","20/16",NA,"40",0.0741119870007733,0.0740789860618465,0.007160396657832,0.151533706916295,0.154399830893526,0.0153693980313925,10,15,25,8,3.18181818181818,3.46666666666667,3.31666666666667,-0.134848484848485,0.15,4,2,4,3,5,2,5,2,5,5,3,4,4,3,3,5,4,5,5,2,2,2,3,3,2,3,3,2,2,2,3,3,5,4,4,4,3,4,5,2,5,3,3,3,3,4,4,2,3,2,4,3,2,4,2,3,3,3,3,4
"357","Male","White","23+","1st","premedicine","right","none","20/16",NA,"60",0.0937760529745963,0.0937390156037347,0.0064524817477257,0.157127847866181,0.162257653600575,0.0220823148807071,14.75,19,21,4,2.5,4.26666666666667,3.58333333333333,-1.08333333333333,0.683333333333333,2,5,2,5,5,5,5,3,2,1,3,3,4,1,4,5,5,5,5,1,1,5,5,4,5,2,5,1,5,4,3,5,5,4,4,1,1,4,5,5,5,5,4,3,5,3,5,5,2,1,5,5,1,5,4,1,5,1,1,4
"358","Female","White","20-21","2nd","psychology life sciences","right","none","20/16",NA,"40",0.132175389069394,0.141674998178211,0.0716045587156754,0.158578760789927,0.19687258714441,0.0895940600083097,11.25,16,27,9,3.68181818181818,3,3.35,0.331818181818182,-0.35,3,5,2,1,5,5,4,3,2,4,3,3,4,3,3,5,3,3,4,3,3,3,3,3,2,4,3,1,1,4,4,5,5,3,3,3,4,3,3,3,3,3,4,3,4,1,5,1,5,3,4,4,4,5,3,4,3,2,4,5
"359","Female","White","18-19","2nd","Psychology","right","glasses/contacts","20/16",NA,"40",0.0843126587767778,0.0828500042998275,0.00864462628477027,0.169608149541265,0.17014280724454,0.0235534235601918,8.75,10,40,20,2.54545454545455,2.13333333333333,2.33333333333333,0.212121212121212,-0.2,1,3,2,1,2,3,4,2,1,2,2,3,2,4,3,4,3,4,3,4,2,2,2,1,1,3,3,1,1,4,2,2,4,5,1,1,2,2,3,2,1,1,4,2,2,5,3,1,3,2,4,2,2,3,2,2,1,1,1,1
"360","Female","Hispanic/Latino","18-19","1st","RHS","either","none","20/32",NA,"40",0.0912350063637518,0.0902089211285867,0.00249922296641149,0.160909990028647,0.168956715318982,0.0259250543545212,3.5,10,26,8,4.31818181818182,2.93333333333333,3.86666666666667,0.451515151515152,-0.933333333333334,1,5,5,2,5,4,5,5,4,3,3,5,4,4,3,5,3,3,5,5,3,2,2,3,3,5,5,3,3,4,2,4,5,3,5,3,5,5,3,3,3,4,4,4,5,5,5,2,5,3,5,5,5,5,5,3,3,2,4,5
"361","Female","White","18-19","1st","Labor and Employment relations","right","none","20/16",NA,"40",0.0991212953699802,0.0985295547847365,0.00252266816100538,0.15315156807411,0.151465405082377,0.0085426176046602,4.75,11,39,19,3.09090909090909,2.66666666666667,2.75,0.340909090909091,-0.0833333333333335,2,3,2,1,1,5,3,4,3,1,1,3,4,3,1,3,3,5,4,3,1,1,3,4,2,5,1,1,1,5,5,1,4,1,1,2,5,3,4,5,5,1,2,1,3,1,5,1,3,2,4,4,1,5,4,3,1,1,3,5
"362","Female","Asian","22-23","1st","Graphic Design","either","glasses/contacts","20/16",NA,"40",0.0978216820436328,0.0964879815973664,0.00966923738956915,0.181365072136771,0.185036858776856,0.0442310659560355,7.25,13,32,12,3.63636363636364,2.73333333333333,3.31666666666667,0.319696969696969,-0.583333333333333,3,4,4,4,4,5,5,5,1,3,3,3,4,3,4,3,3,3,4,4,4,4,4,3,2,4,3,2,3,3,3,4,5,2,3,1,4,4,2,4,2,2,3,4,5,3,1,1,5,3,4,5,5,5,5,2,1,1,3,3
"363","Female","Asian","18-19","1st","biobehavioral health","right","glasses/contacts","20/20",NA,"40",0.0896270222480199,0.0906482271895117,0.0059908483455575,0.166003437334408,0.175659862512915,0.0261559011942199,7.25,13,27,10,3.68181818181818,2.8,3.25,0.431818181818182,-0.45,1,4,4,3,5,5,5,4,1,3,2,1,5,5,2,5,5,3,4,5,3,2,5,2,1,4,5,1,1,3,2,3,5,4,1,1,5,5,3,2,4,3,5,1,3,2,5,1,2,2,4,4,3,5,5,5,4,1,2,4
"364","Female","Black","18-19","1st","Political Science / Theatre","right","glasses/contacts","20/20",NA,"40",0.0835103414824324,0.0839387655923826,0.00533894697646243,0.148610978001745,0.156296372352814,0.0185553092229085,8.5,14,32,12,4.04545454545455,2.66666666666667,3.36666666666667,0.678787878787879,-0.7,2,4,4,4,2,4,4,4,3,5,3,3,4,4,3,5,4,4,5,5,2,2,3,2,2,5,4,2,5,4,2,3,2,3,4,4,4,1,3,2,1,1,4,1,5,5,2,2,5,2,4,4,4,5,5,4,2,4,2,5
"365","Female","White","18-19","1st","Nursing","right","glasses/contacts","20/16",NA,"40",0.0969720644414777,0.0954987809500075,0.00608777659195192,0.165053205907382,0.195385723779536,0.0753860421029318,12.25,17,35,15,3.09090909090909,2.8,2.98333333333333,0.107575757575757,-0.183333333333334,2,5,5,2,5,5,3,1,1,1,4,2,4,4,2,5,3,3,4,4,2,1,3,3,1,4,4,1,1,3,3,5,5,3,3,2,5,3,4,5,3,3,4,2,2,1,5,1,2,2,3,3,3,5,2,3,2,1,1,5
"366","Female","White","18-19","1st","biobehavoral health","right","glasses/contacts","20/20",NA,"40",0.117889528212125,0.120207284754206,0.0152135602087125,0.16359891161278,0.212262143963943,0.112488733116283,18.5,22,28,8,3.72727272727273,3,3.55,0.177272727272727,-0.55,2,4,5,5,5,5,5,4,3,1,5,5,3,3,4,5,4,1,4,4,4,3,3,3,3,4,5,2,2,4,1,4,5,2,4,2,5,5,2,4,4,4,4,5,2,3,4,1,3,2,5,4,4,4,4,5,3,2,1,5
"367","Female","White","18-19","1st","PreMed","either","glasses/contacts","20/20",NA,"50",0.0873194427194224,0.0957420551711864,0.0273128124079231,0.216283645072834,0.231098826452064,0.0740174995046156,18.5,22,24,7,3.77272727272727,2.93333333333333,3.48333333333333,0.28939393939394,-0.55,2,4,4,3,2,3,4,4,1,4,3,3,5,4,3,4,5,4,5,4,4,5,5,3,2,4,4,3,3,4,3,4,2,3,3,2,3,2,2,3,2,4,4,3,5,5,5,2,4,3,3,5,4,5,5,4,2,3,3,3
"368","Female","Asian","18-19","1st","Biology","left","glasses/contacts","20/16",NA,"40",0.0938208760292997,0.0947312115306489,0.00967567754550663,0.150378953268547,0.152676636912262,0.0155719298060766,9.75,15,26,10,4.04545454545455,3.06666666666667,3.66666666666667,0.378787878787879,-0.6,2,4,4,4,4,5,5,4,2,4,3,2,4,4,5,5,4,4,4,4,4,5,4,4,2,5,3,2,2,5,4,2,5,3,2,2,4,3,2,3,4,5,5,4,5,4,5,1,4,2,4,4,4,4,4,5,2,4,2,5
"369","Female","White","18-19","1st","Human Centered Design and Development","right","glasses/contacts","20/20",NA,"40",0.129297349264173,0.132873495871811,0.0448122891454531,0.157488798960732,0.162710553215346,0.0265658308227076,3.75,10,28,9,4.04545454545455,3.53333333333333,3.73333333333333,0.312121212121212,-0.2,3,5,5,4,5,5,4,4,1,1,5,4,4,4,5,5,5,4,5,5,3,2,2,1,2,5,5,1,1,5,4,5,5,5,4,1,5,5,5,3,3,2,5,2,5,5,5,2,5,2,5,2,3,5,4,5,2,3,3,4
"370","Female","Asian","18-19","1st","nursing","left","none","20/20",NA,"40",0.0903420056721914,0.0942146052503764,0.0109160705835787,0.166042577748669,0.171897189485981,0.0183660056745871,19.5,21,19,8,3.45454545454545,2.26666666666667,2.96666666666667,0.487878787878788,-0.7,2,3,4,3,5,5,4,3,2,3,2,2,2,4,2,5,5,3,4,5,2,3,2,4,1,4,3,2,2,4,2,3,4,2,2,2,3,3,2,4,2,3,5,1,4,3,3,1,3,3,3,2,2,5,4,3,2,1,3,3
"371","Female","White","18-19","3rd","Psychology","right","glasses/contacts","20/16",NA,"40",NA,NA,NA,0.147599419900207,0.180954392892024,0.0732470957672977,17.75,18,24,7,3.27272727272727,3.06666666666667,3.38333333333333,-0.11060606060606,-0.316666666666666,3,5,2,5,4,5,4,5,2,1,3,5,3,3,4,2,4,4,4,4,5,4,2,3,2,1,4,1,1,2,4,4,4,2,1,1,4,4,4,5,4,5,5,4,5,3,5,2,4,3,5,4,4,5,5,5,2,1,1,1
"372","Female","White","18-19","1st","Communication Sciences and Disorders","right","glasses/contacts","20/16",NA,"40",0.0892921870445057,0.0915466067211506,0.010760063122529,0.160224258730802,0.205337564724766,0.100122200453316,12.25,17,23,5,3.09090909090909,2.93333333333333,3.11666666666667,-0.0257575757575759,-0.183333333333334,3,4,4,4,4,5,5,2,2,4,3,5,4,3,3,4,4,3,4,3,2,1,4,3,1,4,4,1,1,4,2,4,4,3,3,1,2,3,4,3,3,3,2,3,5,3,3,2,4,4,4,5,4,5,1,3,1,1,1,3
"373","Male","Prefer not to answer","18-19","2nd","Secondary Education","right","none","20/16",NA,"40",0.0981527462681244,0.0978516217106729,0.00585422087022822,0.165323588805219,0.168210379612392,0.0104468946570878,13.5,18,38,19,2.63636363636364,3.86666666666667,3.1,-0.463636363636364,0.766666666666667,4,2,3,1,3,4,4,1,2,1,3,5,3,2,3,1,4,5,4,2,2,2,4,3,1,4,5,1,1,3,4,3,5,5,5,2,2,2,5,4,5,5,4,4,5,3,3,2,4,3,4,3,3,5,2,3,3,1,1,3
"374","Female","White","18-19","1st","CSD","right","none","20/16",NA,"40",0.141179498056179,0.165101366643073,0.0756342788743996,0.148337207925455,0.148124980478591,0.0086741541749801,8.5,14,21,5,4.09090909090909,3.26666666666667,3.76666666666667,0.324242424242424,-0.5,3,4,4,5,5,4,5,4,4,2,3,4,4,4,3,5,4,4,5,5,5,4,4,3,2,5,4,2,2,3,3,3,5,3,3,4,4,4,4,4,4,3,3,4,4,3,5,2,4,3,4,4,5,5,5,5,2,2,2,5
"375","Male","White","18-19","1st","undecided","right","glasses/contacts","20/20",NA,"100",0.0977174079960925,0.0984432546431809,0.00769103053325919,0.144998185828868,0.172160473879078,0.0595454665528109,11,16,18,1,2.95454545454545,3.46666666666667,3.26666666666667,-0.312121212121212,0.2,4,2,3,2,5,4,5,2,2,1,2,4,3,3,3,3,2,4,4,4,2,2,3,2,3,3,4,2,2,3,3,1,5,3,5,2,3,5,5,5,5,4,4,5,5,4,3,1,3,1,4,5,3,5,4,3,3,3,2,4
"376","Male","White","20-21","3rd","Advertising","right","glasses/contacts","20/20",NA,"140",0.109351150315646,0.149104631591295,0.0838088892360021,0.150703261096713,0.181048116710548,0.0740083265297831,13.5,18,37,17,3.5,3.2,3.23333333333333,0.266666666666667,-0.0333333333333332,3,4,3,2,2,5,4,4,3,3,3,2,4,4,3,5,4,5,4,4,2,3,4,3,3,4,3,2,2,4,3,4,3,3,3,2,4,3,2,2,3,3,4,3,4,5,3,2,4,2,4,3,3,5,4,3,2,2,2,3
"377","Female","White","18-19","1st","Biomedical Engineering","right","none","20/16",NA,"40",0.119169214398657,0.11723207826468,0.0140154178294453,0.183054758821033,0.180657264836764,0.024455314867548,21,24,34,15,3.81818181818182,2.26666666666667,3.1,0.718181818181818,-0.833333333333333,1,4,4,3,3,4,2,4,3,1,3,4,4,3,4,5,2,2,4,5,5,3,2,1,2,3,2,3,3,4,2,4,3,2,2,3,4,2,3,4,3,1,2,2,4,4,4,1,4,3,4,1,5,5,4,4,3,2,4,4
"378","Female","White","18-19","2nd","Finance","right","none","20/20",NA,"40",0.09634886063908,0.0956639127128361,0.00445914973233596,0.254393546455635,0.251766652379024,0.0549627774341833,8.5,14,28,10,3.68181818181818,3.13333333333333,3.43333333333333,0.248484848484849,-0.3,4,4,4,2,5,4,5,2,3,1,4,4,5,5,4,5,5,4,5,5,4,3,1,4,2,3,5,1,1,3,4,4,5,3,2,2,5,4,4,3,4,2,4,4,5,2,5,1,4,1,5,1,5,5,2,4,1,1,3,4
"379","Female","White","20-21","2nd","HDFS","right","glasses/contacts","20/20",NA,"80",0.0820685199630427,0.0810555776099865,0.00890574576468845,0.265231234799894,0.270022422804814,0.11872652392487,8.5,14,27,9,3.27272727272727,2.06666666666667,2.76666666666667,0.506060606060606,-0.7,3,4,2,1,2,1,4,2,4,1,3,3,4,5,1,5,1,1,4,5,1,4,2,2,1,1,3,1,1,4,4,3,2,1,1,1,2,1,1,5,5,3,3,1,5,3,3,1,5,3,3,4,3,5,4,5,5,1,2,5
"380","Female","White","18-19","2nd","psychology","right","none","20/20",NA,"50",0.106661399569686,0.106644057899554,0.0201341293193483,0.143305996411117,0.150765451109848,0.0189940218686645,8,13,23,10,3.54545454545455,2.26666666666667,3.08333333333333,0.462121212121212,-0.816666666666667,1,4,5,3,5,3,5,4,3,2,2,4,4,4,3,5,3,5,5,5,1,1,2,1,1,3,2,1,1,5,2,3,5,4,4,2,5,5,1,5,2,1,2,2,3,2,5,1,4,1,5,5,3,5,3,3,1,1,2,5
"381","Male","Asian","18-19","1st","Secondary Education in Social Studies","right","none","20/16",NA,"400",0.0950584096757308,0.0917889896271999,0.0170494908797219,0.174481931084293,0.17045519035036,0.0195269813433714,9.75,15,30,13,3.54545454545455,3.2,3.33333333333333,0.212121212121212,-0.133333333333333,3,4,3,4,1,4,5,5,3,4,3,3,2,2,3,4,4,5,5,2,4,4,3,3,3,4,3,3,3,4,4,4,2,4,3,5,2,2,3,4,3,3,5,3,4,4,3,2,3,2,3,3,2,4,5,5,1,2,2,5
"382","Male","White","18-19","1st","kinesiology","right","none","20/16",NA,"40",0.0680385093960965,0.0700607324532293,0.00655096693588449,0.15714429249214,0.158048706772857,0.0155555614640436,11.25,16,23,5,3.22727272727273,3.46666666666667,3.28333333333333,-0.0560606060606061,0.183333333333334,3,3,3,2,4,5,4,3,3,1,3,3,3,4,4,5,3,4,4,4,2,3,3,3,3,3,3,2,2,3,3,3,4,4,4,3,3,3,4,4,4,4,4,4,4,3,4,2,3,2,4,3,3,4,4,3,3,3,3,3
"383","Female","Hispanic/Latino","18-19","1st","chemistry","right","none","20/16",NA,"40",NA,NA,NA,0.146063962469392,0.148600828279318,0.00762749989601646,6,12,33,13,4.09090909090909,2.73333333333333,3.53333333333333,0.557575757575758,-0.8,2,4,5,5,5,5,5,5,4,2,3,4,4,5,5,5,4,4,4,2,2,5,4,3,1,4,4,3,3,5,1,3,4,3,3,1,5,4,2,1,4,1,4,2,4,3,5,1,5,1,4,5,5,5,5,3,2,1,4,5
"384","Male","White","18-19","1st","undecided","right","none","20/16",NA,"40",0.068272060004361,0.0662820816434057,0.00510034356387277,0.159180817707737,0.157182974420406,0.0129828307594218,18.25,20,27,9,3,3.2,3.13333333333333,-0.133333333333333,0.0666666666666669,4,2,2,4,5,5,5,2,2,1,2,3,5,4,4,5,5,5,4,1,2,1,4,4,1,4,3,1,1,5,3,2,4,4,3,3,4,4,3,2,4,3,3,2,5,5,4,1,4,2,4,2,3,4,2,3,2,2,2,3
"386","Female","White","18-19","1st","petroleum and natural gas engineering","right","glasses/contacts","20/16",NA,"40",0.126347004884289,0.119795315390092,0.026620830493987,0.179793009223768,0.219408318599337,0.0908395044737167,5.5,10,18,8,4.09090909090909,2.8,3.55,0.540909090909091,-0.75,3,5,4,1,5,4,4,5,3,3,3,3,4,5,4,5,3,3,4,5,5,5,3,3,1,4,4,2,2,3,3,5,3,1,3,4,4,2,2,3,3,4,3,3,5,4,4,3,5,3,3,4,4,4,5,5,4,2,2,5
"387","Male","White","18-19","1st","Communications","left","glasses/contacts","20/16",NA,"100",0.0884166983526806,0.0934042055844043,0.0116777973367728,0.174284603889018,0.179292315964744,0.0164860087116359,11,16,27,11,2.90909090909091,4.13333333333333,3.45,-0.540909090909091,0.683333333333334,4,2,3,2,5,4,5,1,1,3,3,4,4,3,4,5,5,5,3,2,2,4,4,3,3,1,4,1,3,5,3,2,4,5,5,1,4,5,5,5,5,2,4,5,5,5,5,3,3,1,3,4,2,5,3,2,3,3,2,5
"388","Male","Asian","22-23","4th","Accounting","right","glasses/contacts","20/16",NA,"40",0.0617408600797583,0.0604657345612242,0.00852046311013938,0.155383523336022,0.171722171309073,0.0441253851662784,10,14,21,7,2.63636363636364,3.4,2.86666666666667,-0.23030303030303,0.533333333333333,3,4,1,1,2,5,4,4,1,1,1,3,5,4,1,4,4,5,5,5,1,3,5,1,5,1,4,2,2,4,3,4,1,1,1,1,1,1,2,3,4,4,5,4,4,2,1,3,1,1,5,5,4,5,3,2,5,1,1,3
"389","Female","White","18-19","1st","Communications film/video","left","none","20/16",NA,"40",0.0920545470132755,0.093626070217269,0.00955480295190123,0.163633070563266,0.161186240777206,0.0168010950731215,7.25,13,28,10,4.27272727272727,3.06666666666667,3.71666666666667,0.556060606060606,-0.65,3,4,5,2,5,4,4,4,4,3,4,5,5,5,4,5,4,3,5,5,5,1,4,5,2,5,5,3,3,5,2,4,4,2,5,2,5,4,4,3,3,1,3,4,5,3,5,1,5,1,2,5,5,5,5,2,1,3,3,5
"390","Female","Asian","18-19","1st","Graphic Design","left","glasses/contacts","20/16",NA,"40",0.0868219389451391,0.0895854685072263,0.0135757738162374,0.151232160094284,0.157148858328839,0.0193872541828339,15,16,32,13,3.18181818181818,2.86666666666667,3,0.181818181818182,-0.133333333333333,2,4,4,4,1,5,3,2,1,3,3,1,4,1,4,2,5,5,5,1,5,5,4,4,1,4,2,3,3,4,4,5,1,5,1,1,1,1,1,3,1,2,4,2,3,4,4,1,3,3,2,4,4,5,2,5,3,3,4,3
"391","Female","White","18-19","1st","kinesiology","right","glasses/contacts","20/16",NA,"40",0.127829587984396,0.127679846402599,0.0130049562391334,0.180849080322579,0.187215898442741,0.0499745424927475,16,20,34,14,4.04545454545455,3.06666666666667,3.53333333333333,0.512121212121213,-0.466666666666666,3,5,4,4,4,5,5,4,3,2,4,2,5,5,5,5,5,2,5,5,4,2,1,4,4,4,5,3,3,4,4,4,4,3,2,2,4,4,3,1,2,1,5,5,4,2,5,2,3,2,4,2,4,5,4,5,1,2,2,5
"392","Female","White","18-19","1st","Criminology","right","none","20/16",NA,"40",0.101666764857119,0.101065427210957,0.00274021759438893,0.200637889799226,0.194405149141061,0.0362294265171489,11,16,29,11,3.95454545454545,3.73333333333333,3.83333333333333,0.121212121212121,-0.1,2,4,4,3,5,5,5,4,3,2,4,1,5,4,3,5,5,5,4,5,3,2,4,3,2,3,5,3,3,5,4,4,5,4,3,2,4,4,4,3,5,3,4,3,5,4,5,4,5,3,4,5,5,5,3,4,2,4,4,5
"393","Female","Hispanic/Latino","20-21","3rd","psychology","right","glasses/contacts","20/16",NA,"40",0.197799137022317,0.19147956067296,0.0615889220757051,0.249371236536121,0.239498341630805,0.0618266583276914,2,8,18,4,4.09090909090909,3,3.81666666666667,0.274242424242424,-0.816666666666667,3,4,5,3,5,4,5,5,3,3,3,4,5,5,3,4,2,4,4,4,4,2,1,5,3,4,4,3,3,5,2,3,5,4,3,3,5,5,4,5,4,4,5,5,4,4,4,2,2,2,5,5,5,5,5,3,1,4,4,5
"394","Male","Hispanic/Latino","18-19","1st","Biochemistry","right","none","20/16",NA,"40",0.100099118704016,0.0987826970372018,0.0118788228451475,0.14139431451584,0.14788354044544,0.0181910519593615,3.5,10,36,16,3.59090909090909,4.13333333333333,3.73333333333333,-0.142424242424243,0.4,3,2,4,1,5,4,5,2,2,3,4,5,5,4,3,4,4,5,5,4,4,4,4,4,4,5,3,1,1,4,4,4,5,5,5,2,4,5,5,5,5,4,4,4,4,2,5,3,3,1,5,3,5,5,4,3,3,3,2,4
"395","Male","Black","18-19","1st","Microbiology","right","none","20/16",NA,"60",0.173386980929251,0.173386980929251,0.0590558991406741,0.172432581471948,0.144748024190227,0.0640771157471103,8,13,39,19,3.45454545454545,3.73333333333333,3.61666666666667,-0.162121212121212,0.116666666666667,1,3,4,1,5,4,5,4,4,3,2,2,4,4,3,5,4,4,4,4,2,5,5,3,4,3,4,3,3,3,4,4,5,3,4,4,4,4,5,4,5,5,5,5,5,2,3,3,2,1,4,4,2,5,4,3,3,3,3,4
"396","Female","White","18-19","1st","Biochemistry/Molecular Biology","right","none","20/16",NA,"40",0.104178544403387,0.105897652635354,0.00999054641508197,0.218136232893859,0.207970742406278,0.0381131738639544,19.25,20,26,10,3.59090909090909,1.93333333333333,3.11666666666667,0.474242424242424,-1.18333333333333,1,4,3,5,5,1,5,5,1,4,3,3,2,4,4,5,1,1,4,5,1,1,5,2,1,3,5,1,1,4,2,3,5,3,1,1,5,5,2,3,1,4,5,5,5,4,4,1,5,3,5,5,2,5,5,4,1,1,1,1
"397","Female","White","18-19","1st","biology","right","glasses/contacts","20/16",NA,"40",0.0869488827650318,0.0852809271887755,0.00724904400860813,0.151522470432372,0.156033917385382,0.0122592970767311,8.5,14,24,9,3.95454545454545,2.93333333333333,3.5,0.454545454545455,-0.566666666666667,2,4,4,3,5,5,4,3,2,1,5,3,4,4,5,5,4,2,5,5,4,2,3,3,2,5,4,1,1,4,1,4,4,3,2,3,5,4,4,5,5,2,4,4,5,5,3,1,4,2,4,5,5,5,4,4,1,1,2,5
"398","Female","White","20-21","1st","petrolium engineer","right","none","20/20",NA,"40",0.0880354625257327,0.0889513658170586,0.00549406854784788,0.154004859657576,0.153400765396967,0.0141523751729198,1,8,30,11,3.63636363636364,2.8,3.25,0.386363636363636,-0.45,3,4,4,5,4,4,5,4,1,2,2,2,4,4,3,5,4,5,5,4,4,2,5,3,1,2,3,1,1,4,2,4,4,3,4,2,4,1,1,2,2,2,4,2,4,5,5,1,4,3,3,5,4,5,3,2,3,2,4,5
"399","Female","White","18-19","1st","Labor and Employment Relations","right","glasses/contacts","20/16",NA,"40",0.070430627804339,0.0732141972580504,0.0104935380196561,0.147077450011551,0.146374963588247,0.00983881739272701,8.5,14,26,8,3.18181818181818,3.26666666666667,3.26666666666667,-0.084848484848485,0,5,3,1,5,4,3,4,4,1,1,2,5,4,4,3,5,4,5,5,5,5,4,4,1,3,4,4,1,1,4,1,5,4,4,5,1,4,4,2,2,3,1,2,5,4,5,5,2,4,1,4,5,5,4,4,2,1,1,1,1
"400","Female","White","20-21","4th","IST & SRA","right","none","20/16",NA,"40",0.0930092939621703,0.0902875555679157,0.0118037903896765,0.151568542726266,0.154038487360902,0.0136125597993486,7.75,12,28,8,3.09090909090909,2.8,2.96666666666667,0.124242424242424,-0.166666666666667,4,4,4,1,5,4,3,2,3,1,4,2,4,3,2,5,4,1,4,4,2,1,2,2,3,2,4,2,2,2,4,3,5,2,2,2,4,4,3,2,4,4,5,2,4,2,4,1,1,1,2,4,4,5,4,4,2,2,2,4
"401","Female","White","18-19","1st","math/data science","right","glasses/contacts","20/16",NA,"40",0.114699633802638,0.112542661684072,0.0110834882281455,0.157906550523456,0.155657381626952,0.0176513964517436,11.25,16,21,5,3.54545454545455,2.93333333333333,3.23333333333333,0.312121212121212,-0.3,5,3,5,2,4,3,5,2,4,1,3,3,5,5,5,5,4,2,5,5,3,1,1,3,3,4,5,1,2,4,3,3,4,1,5,2,4,4,4,4,4,2,5,3,5,2,5,2,1,1,3,3,3,5,2,3,1,1,1,5
"402","Female","White","18-19","1st","Public Relations","right","none","20/16",NA,"40",0.127841290593306,0.128999022932294,0.0132672117553916,0.270075736573407,0.28914897947734,0.062668300627364,13.5,18,19,3,3.13636363636364,2.53333333333333,2.66666666666667,0.46969696969697,-0.133333333333333,3,2,4,1,5,5,4,2,1,1,1,1,4,4,4,5,4,2,5,4,2,1,2,2,2,1,4,1,1,2,1,1,4,1,1,1,4,4,5,1,5,1,3,3,3,1,4,2,4,1,4,2,5,5,3,3,1,1,1,5
"403","Female","White","18-19","1st","Undecided, possibly English Education/Theatre Studies","either","glasses/contacts","20/16",NA,"40",0.0855383130259836,0.0886094650456578,0.00770764394435351,0.162647911044567,0.182597934790814,0.0533117869462892,17.25,21,15,7,3.72727272727273,3.06666666666667,3.53333333333333,0.193939393939394,-0.466666666666666,2,4,4,4,4,4,4,4,1,4,3,3,5,3,3,3,4,4,4,4,4,4,4,3,3,5,3,2,3,3,3,4,4,3,3,2,4,4,2,3,3,4,4,2,4,4,4,3,5,3,5,4,4,4,4,4,3,3,4,4
"404","Female","White","18-19","1st","undecided but possibly advertising/pr","left","none","20/20",NA,"40",0.10347257073514,0.128981443491604,0.0628579253181015,0.151020698844701,0.165060419978289,0.0342765757363227,7.25,13,18,1,4.36363636363636,3.13333333333333,3.86666666666667,0.496969696969697,-0.733333333333333,4,5,5,4,5,4,5,5,1,4,3,4,4,5,4,5,3,3,5,5,4,3,1,3,3,5,5,3,4,5,3,5,5,2,4,1,5,4,4,3,4,4,5,3,5,4,5,2,5,2,4,1,4,5,4,4,4,3,4,5
"405","Female","Black","20-21","2nd","psychology","left","none","20/16",NA,"40",0.108332963544622,0.129705207125219,0.0493263279122379,0.185363488011131,0.184031766392905,0.0310737747120702,4.75,11,27,7,3.22727272727273,2.73333333333333,3.1,0.127272727272727,-0.366666666666667,1,4,3,1,4,4,5,3,4,1,2,5,5,5,2,5,5,3,5,5,1,1,3,2,2,4,4,1,1,5,1,5,5,2,5,5,4,4,4,1,5,3,3,1,2,1,3,1,4,1,5,5,1,5,2,2,2,2,2,4
"406","Female","Hispanic/Latino","18-19","1st","Supply Chain","right","glasses/contacts","20/20",NA,"40",0.0944288769971675,0.0944063892972912,0.00163718493582448,0.164645349240036,0.165759136668051,0.0191873745764202,7.25,13,17,1,4.09090909090909,3.4,3.61666666666667,0.474242424242424,-0.216666666666667,3,4,4,4,4,5,5,3,3,2,3,4,5,5,5,5,4,3,5,5,5,2,2,3,3,4,5,2,2,4,4,4,4,4,3,3,4,2,4,2,5,3,4,4,4,2,5,2,4,2,4,1,5,5,4,4,2,2,3,5
"407","Female","Black","20-21","4th","History","right","glasses/contacts","20/25",NA,"140",0.0877229213713936,0.0914946693044038,0.0125939877239923,0.19317835435782,0.186438355552268,0.0296951891170901,9.75,15,18,4,3.40909090909091,2.46666666666667,2.86666666666667,0.542424242424242,-0.4,1,4,4,1,2,3,1,5,3,1,1,2,3,3,1,3,3,5,4,4,2,3,3,1,1,4,5,1,1,4,1,5,2,1,4,3,3,3,4,1,5,1,5,3,5,4,5,1,3,2,2,4,2,5,5,5,1,1,3,4
"408","Female","White","18-19","1st","Pre-medicine","right","glasses/contacts","20/16",NA,"50",0.0798345163923886,0.0749976222409082,0.0115209335455848,0.144630885054358,0.1561681473789,0.0290948451704083,19.75,23,39,19,2.77272727272727,2.4,2.88333333333333,-0.11060606060606,-0.483333333333333,1,4,3,5,5,5,5,3,1,1,1,1,5,2,1,5,3,5,4,2,1,1,1,1,1,5,5,1,3,3,2,4,5,3,4,1,1,3,2,5,4,4,1,1,2,4,5,2,4,4,3,1,2,4,4,4,1,3,3,3
"409","Male","White","18-19","1st","Labor and Human Resources","right","none","20/20",NA,"40",0.070487171751111,0.0705334515705999,0.000381227648804704,0.202254247813486,0.209152789222147,0.0495703419668887,6,12,26,8,3.27272727272727,3.93333333333333,3.56666666666667,-0.293939393939394,0.366666666666666,1,1,1,1,5,5,5,3,3,2,1,4,4,4,1,5,5,5,4,5,1,3,5,1,4,4,4,2,2,3,4,4,3,3,5,4,5,5,5,5,5,3,3,3,5,4,5,5,5,1,5,5,1,5,5,5,3,3,1,5
"410","Male","White","20-21","3rd","Psychology","right","none","20/16",NA,"40",0.0749100698433598,0.0754345438177375,0.00925077317128026,0.172017197451208,0.173646516655279,0.0329180076334897,8.75,14,28,12,3.31818181818182,3.93333333333333,3.68333333333333,-0.365151515151515,0.25,2,2,2,4,5,5,5,3,2,1,3,4,5,4,3,5,5,5,5,4,3,4,4,3,3,2,5,2,3,3,2,2,5,5,4,3,3,4,5,4,5,5,4,4,5,3,5,4,4,3,4,4,3,5,4,3,3,3,3,4
"411","Female","White","18-19","1st","Psychology","right","none","20/16",NA,"40",0.0884532069211464,0.0898230088321251,0.00728905655933415,0.180283926304166,0.178012771264822,0.0258638505728431,10.75,15,37,17,3.27272727272727,3.93333333333333,3.43333333333333,-0.16060606060606,0.5,2,4,4,2,5,5,5,4,2,4,4,2,4,3,2,5,4,5,4,5,1,1,2,4,4,2,3,1,1,4,4,4,5,2,5,1,4,4,4,5,5,4,5,4,4,4,4,5,4,1,5,2,4,5,4,2,4,1,1,2
"412","Male","White","20-21","3rd","Psychology","right","glasses/contacts","20/20",NA,"80",0.0781504069796782,0.0786473380386311,0.00729568778435359,0.139909260906415,0.141412701209414,0.00551462252494196,1,8,29,10,2.77272727272727,2.33333333333333,2.83333333333333,-0.0606060606060606,-0.5,3,3,5,2,3,4,5,1,1,2,2,4,5,3,3,4,2,4,3,2,1,3,4,3,1,1,3,1,1,2,2,4,4,1,2,1,3,2,2,3,3,5,4,3,5,2,5,1,5,2,5,4,4,5,3,2,1,1,2,3
"413","Female","Asian","20-21","2nd","biochemistry & molecular biology","right","glasses/contacts","20/16",NA,"40",0.112780217640012,0.121377048362614,0.0234803480645722,0.201516282784429,0.235016424161378,0.0810396463065783,-2.75,5,32,14,3,2.46666666666667,2.78333333333333,0.216666666666667,-0.316666666666666,2,4,4,1,1,4,4,3,2,1,2,2,3,3,3,4,4,4,3,4,3,3,3,3,2,3,3,4,3,3,2,4,2,2,2,2,2,2,2,3,2,2,4,2,3,4,4,2,3,3,3,2,2,3,3,4,2,2,3,3
"414","Female","White","18-19","1st","Broadcast Journalism","right","glasses/contacts","20/16",NA,"100",0.0907980381286017,0.0904094171426836,0.0101311977825852,0.162542700715252,0.16218808167688,0.0208219786227503,12.25,17,26,8,3.45454545454545,3.06666666666667,3.35,0.104545454545454,-0.283333333333333,3,4,5,4,5,3,5,2,2,1,3,4,3,3,4,5,3,4,4,4,4,2,2,3,2,4,4,2,2,4,3,3,4,1,5,3,4,3,5,3,4,4,4,4,4,3,3,1,2,1,4,4,4,4,4,3,3,3,4,4
"415","Female","White","18-19","1st","BBH","right","glasses/contacts","20/16",NA,"40",0.102081157990316,0.101886896763581,0.0148157456459472,0.147750724530452,0.159642882468789,0.0264838617626123,10.75,13,29,9,3.40909090909091,2.13333333333333,2.96666666666667,0.442424242424242,-0.833333333333333,5,3,5,3,5,5,3,2,1,2,1,1,4,4,4,5,3,1,5,5,4,2,1,1,1,1,4,1,1,5,1,5,5,1,1,1,5,5,3,5,4,1,1,3,4,3,5,1,3,1,5,3,5,5,1,5,1,1,1,5
"416","Female","Asian","18-19","1st","Ad","right","glasses/contacts","20/16",NA,"40",0.0979226892996505,0.0986236379851503,0.00854619786277343,0.198487925789931,0.223750012572543,0.0877918611045835,5,11,21,7,3.77272727272727,2.86666666666667,3.35,0.422727272727273,-0.483333333333333,3,5,1,1,2,3,3,4,3,4,4,3,3,4,3,5,2,3,3,5,5,4,3,3,2,2,4,3,3,5,3,5,4,4,2,2,4,2,3,5,3,4,4,4,4,1,4,2,2,4,5,2,5,4,3,5,2,3,3,5
"417","Female","Black","18-19","2nd","Biobehavioral Health","right","glasses/contacts","20/16",NA,"40",0.082729687793968,0.0828847280546533,0.0043517880202299,0.240849417670209,0.348711818885473,0.282622209620336,4.75,11,30,10,3.40909090909091,2.2,2.73333333333333,0.675757575757576,-0.533333333333333,2,3,4,1,4,4,5,3,3,2,1,1,3,4,3,5,4,2,5,5,3,3,2,1,3,3,2,1,1,3,2,2,3,1,3,4,3,4,3,1,3,1,5,1,3,2,3,1,3,2,5,2,3,4,4,2,1,1,2,4
"418","Female","Black","18-19","1st","Mathematics","right","none","20/16",NA,"40",0.0988512305474679,0.10572313390997,0.015873843755412,0.147835751607519,0.154278307997471,0.0211319715994886,11,16,20,2,2.81818181818182,2.2,2.56666666666667,0.251515151515151,-0.366666666666667,3,4,5,1,2,2,5,2,2,1,3,3,1,2,1,3,2,1,5,1,4,1,4,3,1,5,4,1,1,2,1,2,1,4,1,4,4,1,5,3,1,2,2,1,5,4,4,1,1,3,2,4,4,4,2,1,3,1,4,4
"419","Female","White","18-19","1st","undecided","right","none","20/16",NA,"40",0.0993080633281108,0.0992579864868861,0.00627549522556785,0.140342499590664,0.139965708706336,0.00427291162671668,2.25,9,32,12,4.18181818181818,3.33333333333333,3.8,0.381818181818182,-0.466666666666666,4,4,5,4,5,3,5,4,2,1,5,5,5,5,3,5,2,2,5,5,3,1,2,5,4,5,5,2,2,5,5,4,5,2,4,1,5,5,3,4,4,4,4,4,3,3,5,2,5,3,5,2,5,5,5,5,4,2,2,5
"420","Female","White","18-19","2nd","psychology","right","none","20/16",NA,"40",0.136994783640383,0.132343633667587,0.0164199820272711,0.203807484914381,0.21830159406876,0.0382534585409486,7.25,13,24,5,4.09090909090909,2.8,3.46666666666667,0.624242424242424,-0.666666666666667,4,4,5,1,4,2,4,3,1,2,4,2,4,5,3,5,2,1,5,5,5,4,4,5,2,4,2,1,1,4,4,4,4,1,4,1,4,4,4,5,4,4,5,4,5,1,5,1,5,2,5,5,5,5,4,4,1,1,4,5
"421","Male","Asian","20-21","3rd","HPA","right","glasses/contacts","20/16",NA,"40",0.0903772247852752,0.0944831444623205,0.0200893300421145,0.165652249339211,0.180742734199721,0.0453360891985509,6,12,26,7,3.22727272727273,3.93333333333333,3.5,-0.272727272727273,0.433333333333333,3,3,5,2,5,5,3,3,2,3,4,5,5,5,3,3,4,5,4,5,3,3,3,3,4,4,4,2,4,3,3,2,5,5,5,2,4,5,5,3,5,2,3,3,5,3,4,3,3,2,5,3,3,3,2,1,2,2,2,5
"422","Female","White","20-21","2nd","advertising","right","glasses/contacts","20/16",NA,"40",0.180755680941319,0.220273719714454,0.130777962726921,0.211076141207442,0.232397661549162,0.0925585736626602,7.5,13,18,4,3.68181818181818,3.8,3.63333333333333,0.0484848484848484,0.166666666666667,5,4,5,4,5,5,5,4,3,2,5,4,4,4,4,5,3,3,5,5,3,1,3,4,3,3,4,2,2,4,4,4,4,4,3,2,4,4,5,5,4,3,3,4,2,2,5,2,3,2,3,4,4,4,3,4,4,3,3,4
"423","Female","White","18-19","1st","Communication Sciences and Disorders - Speech Pathology","right","none","20/16",NA,"40",0.0957427190468206,0.100060622572896,0.021696552341947,0.181663441762184,0.194952437782012,0.0461527226840089,9,14,30,11,3.04545454545455,2.46666666666667,2.91666666666667,0.128787878787879,-0.45,2,5,5,1,4,4,3,1,2,1,2,3,4,2,4,4,4,1,4,5,1,1,2,1,1,5,5,1,1,4,3,4,4,1,3,3,5,3,4,3,4,4,4,4,4,2,5,1,1,1,4,5,5,5,1,1,1,1,3,3
"424","Female","Black","20-21","2nd","Security and Risk Analysis","right","none","20/16",NA,"40",0.101241914027544,0.108003367103511,0.0143922961654168,0.165920841656395,0.162793363432447,0.0170990207614996,9.75,15,32,13,3.5,2.8,3.18333333333333,0.316666666666667,-0.383333333333333,3,4,5,1,2,3,4,3,3,3,3,3,3,3,2,4,3,3,3,3,3,3,4,3,2,3,4,2,2,3,2,2,4,3,3,3,4,3,3,4,3,2,4,3,5,4,3,2,4,2,4,5,4,5,4,3,2,2,4,5
"425","Male","White","18-19","1st","Communications: Advertising/Public Relations","right","none","20/16",NA,"40",0.0822239209942781,0.0827443277528567,0.00444807052849483,0.147856954850455,0.150582396504308,0.0113266206712949,9,14,29,9,2.5,3.46666666666667,3.05,-0.55,0.416666666666667,2,1,1,5,4,5,4,2,2,1,1,4,5,2,2,4,5,5,4,1,1,4,3,3,2,4,3,2,3,3,4,1,3,3,4,2,4,3,5,2,4,2,4,5,4,5,5,2,2,1,4,5,2,5,3,2,2,2,1,4
"426","Female","White","18-19","2nd","Forensic Science","right","glasses/contacts","20/16",NA,"40",0.097021050311929,0.0967400007217413,0.0072398610838438,0.143007443962536,0.142507793071474,0.00183992380773033,5.75,7,28,10,3.36363636363636,2.33333333333333,3.11666666666667,0.246969696969697,-0.783333333333333,2,3,3,3,4,4,5,3,2,2,4,5,5,4,5,5,3,4,3,4,3,4,3,4,2,3,2,2,2,4,3,2,4,1,2,1,4,5,2,1,2,5,5,1,4,3,4,1,4,3,4,5,3,4,2,3,1,1,2,3
"427","Female","White","20-21","2nd","Biobehavioral Health","left","none","20/16",NA,"40",0.0939983868270869,0.0965499006160459,0.00888190176971394,0.170983759975369,0.165169205659871,0.0123124475613182,3.75,10,34,15,3.31818181818182,1.66666666666667,2.76666666666667,0.551515151515152,-1.1,1,5,3,1,5,2,3,2,1,1,1,5,3,4,1,5,3,1,5,5,4,3,1,2,1,1,4,1,1,5,3,4,5,1,1,1,5,5,3,1,4,5,5,1,3,1,3,1,3,1,5,1,5,5,3,4,1,1,1,4
"428","Female","Hispanic/Latino","18-19","1st","bio major with neuroscience option","either","glasses/contacts","20/16",NA,"40",0.42190214718635,0.42190214718635,0.195656896384091,0.1686248934571,0.192294001488456,0.0670623650165829,8.75,14,21,8,4.36363636363636,3.46666666666667,3.96666666666667,0.396969696969697,-0.5,2,4,5,5,5,3,5,4,4,3,5,5,4,5,5,5,3,3,5,5,5,5,4,2,2,4,5,1,3,4,1,4,5,3,5,4,5,4,5,2,5,1,5,5,5,5,5,1,4,1,5,5,5,5,4,4,5,1,4,5
"429","Female","White","18-19","1st","immunology and disease","right","none","20/16",NA,"40",0.0850272502565189,0.0846739566789706,0.00927355711688468,0.146261733641917,0.151794667672017,0.0211753818781516,5,11,30,11,2.86363636363636,2.46666666666667,2.83333333333333,0.0303030303030303,-0.366666666666667,1,3,2,3,4,4,4,2,1,1,4,5,4,3,2,5,5,1,3,5,5,4,3,3,2,3,3,1,1,2,1,3,3,1,2,1,2,2,5,5,4,2,3,2,4,4,3,1,4,2,4,3,5,5,2,2,1,1,1,3
"430","Male","White","18-19","1st","Linguistics & Psychology double major","right","glasses/contacts","20/20",NA,"40",0.0894757045853889,0.0906896610290459,0.00520137617500907,0.155339713069118,0.156874931551006,0.00475429104155003,19.75,23,30,11,3.95454545454545,3.46666666666667,3.76666666666667,0.187878787878788,-0.3,2,4,4,5,2,4,4,4,1,4,3,3,4,3,4,5,5,5,5,4,3,3,5,3,3,5,4,3,3,4,2,4,4,4,2,1,4,5,2,5,3,4,5,5,4,5,4,3,2,2,5,5,5,5,5,5,4,3,3,5
"431","Female","Asian","18-19","1st","Premedicine","right","glasses/contacts","20/20",NA,"100",0.237162657671059,0.225534532115105,0.0837143849227585,0.175571894770947,0.182445514794875,0.040568270364862,11,16,19,2,3,2.4,2.8,0.2,-0.4,1,4,5,4,3,4,5,3,3,1,4,4,4,3,4,4,3,1,4,3,3,3,2,3,1,3,5,1,1,2,1,3,2,2,4,2,3,1,2,2,3,2,5,4,4,3,3,1,3,1,3,2,2,4,3,1,3,2,2,4
"101","Female","White","23+","3rd","Psychology","either",NA,"20/16",NA,"40",0.0961669168172655,0.0958839463014618,0.00423235888113047,0.140064642485192,0.140472917825877,0.00441039864426098,9,11,37,17,3.77272727272727,3.13333333333333,3.65,0.122727272727273,-0.516666666666667,2,3,4,5,4,4,5,3,1,3,3,4,5,3,3,5,4,5,5,5,4,5,3,3,2,4,4,3,3,3,1,4,5,4,4,2,5,5,5,3,5,2,3,2,5,3,4,2,5,3,4,5,5,5,3,3,1,3,3,5
"102","Female","White","18-19","1st","DUS","right",NA,"20/16",NA,"140",0.0862284993875653,0.0862437704636119,0.0063115982084622,0.164629053629562,0.197630228575742,0.0774911388161158,10,15,19,3,3.86363636363636,3.46666666666667,3.66666666666667,0.196969696969697,-0.2,1,4,4,3,5,5,5,2,2,1,3,3,5,5,4,5,5,3,5,5,5,3,4,3,2,3,4,1,2,4,4,5,5,3,5,1,5,5,5,4,5,3,5,4,4,2,5,1,3,3,4,5,5,5,2,4,2,2,3,5
"103","Female","White","20-21","3rd","Psychology","right",NA,"20/16",NA,"40",0.101116201929376,0.101865365468757,0.0139660557889402,0.166101944082915,0.164432907112718,0.0269318486720958,8,11,24,6,3.72727272727273,2.53333333333333,3.25,0.477272727272727,-0.716666666666667,2,4,5,3,4,3,4,2,2,1,3,3,4,4,4,5,3,3,5,5,3,3,1,4,2,3,4,2,1,3,1,3,4,3,3,2,4,4,4,3,4,2,5,3,4,2,5,2,3,3,5,4,4,5,3,5,1,1,3,5
"105","Female","White","20-21","3rd","psychology","right",NA,"20/16",NA,"40",0.110110347803393,0.111642254106655,0.00589333734719267,0.193117605210728,0.190821796119812,0.0273514818367964,14.75,19,36,16,3.77272727272727,2.26666666666667,3.41666666666667,0.356060606060606,-1.15,1,4,4,5,4,1,5,5,1,4,3,2,3,3,3,5,1,2,5,2,2,4,5,3,2,5,4,3,4,4,3,5,5,2,1,1,4,3,1,1,3,5,5,5,5,5,5,1,5,3,4,5,2,5,5,5,3,3,3,3
"107","Female","Asian","18-19","1st","biochemistry and molecular biology","left",NA,"20/20",NA,"60",0.0808023901227795,0.0792317068902635,0.0156749400761248,0.161384352991755,0.161327895456483,0.0162963810076167,12.25,17,27,11,4.5,3.4,4.06666666666667,0.433333333333334,-0.666666666666667,2,5,5,5,5,4,5,4,1,5,5,5,5,5,5,5,4,2,5,5,5,5,3,5,1,5,4,1,2,5,3,5,3,2,4,1,4,3,5,5,5,5,5,5,5,3,5,3,5,2,4,5,5,5,5,5,3,3,3,5
"104","Male","White","18-19","1st","AD/PR","right",NA,"20/20",NA,"40",0.187970800367321,0.189969404759067,0.0792527960642251,0.272637263617747,0.261545045825385,0.072291822319202,5,11,21,4,3.04545454545455,3.66666666666667,3.36666666666667,-0.321212121212121,0.3,2,2,4,3,5,4,3,3,3,1,5,4,5,3,2,5,4,4,5,4,1,3,3,5,4,3,5,1,3,4,5,3,4,2,5,3,4,3,5,5,4,3,4,3,3,3,4,2,2,1,5,3,2,5,3,3,3,2,2,3
"109","Female","White","20-21","3rd","Psychology","right",NA,"20/20",NA,"40",0.124708420786642,0.14596562334034,0.0515750944950282,0.226872799876152,0.319490401008736,0.227180408227861,6,12,23,6,3.72727272727273,2.73333333333333,3.3,0.427272727272727,-0.566666666666666,2,4,4,3,4,4,4,4,2,4,3,4,4,5,4,4,4,3,4,4,4,2,3,3,3,4,4,2,3,5,3,5,4,2,1,1,3,4,4,3,4,3,4,2,3,2,5,1,1,1,4,2,5,5,5,5,2,2,2,3
"111","Female","Black","18-19","1st","Biology","right",NA,"20/16",NA,"40",0.104705845834881,0.119080201013864,0.0431030173500539,NA,NA,NA,6.25,12,22,5,3.63636363636364,3,3.36666666666667,0.26969696969697,-0.366666666666667,3,4,5,1,2,4,5,3,3,3,3,4,4,3,3,5,4,3,5,5,3,1,2,2,1,4,5,1,3,3,5,3,3,3,3,5,4,3,4,3,5,4,4,2,4,4,5,1,3,2,5,4,5,5,3,1,2,2,3,5
"113","Male","Asian","20-21","3rd","PSY","right",NA,"20/16",NA,"40",0.111419162794004,0.111405848357436,0.00763401360825017,0.143816121119609,0.147521346112589,0.00920484263135142,0,7,36,17,2.72727272727273,3.13333333333333,3,-0.272727272727273,0.133333333333333,4,2,2,2,3,4,3,1,1,1,2,2,3,3,3,4,5,5,4,3,4,4,3,3,2,2,4,3,3,4,2,2,4,4,3,3,2,2,2,3,3,3,4,3,5,3,4,3,3,3,5,4,4,4,1,3,2,3,2,2
"106","Female","Asian","18-19","1st","Public Relations and Human Resources","right",NA,"20/20",NA,"40",0.0919598286948947,0.113740688348852,0.0459135149925632,NA,NA,NA,11,16,31,11,3.68181818181818,2.8,3.3,0.381818181818182,-0.5,1,2,2,4,5,4,4,3,3,1,2,4,4,4,2,5,4,2,5,5,4,1,3,3,1,5,3,1,1,4,3,2,5,4,3,2,5,5,4,2,4,3,4,4,5,4,5,1,4,1,4,3,5,5,4,4,2,3,1,5
"115","Female","Pacific Islander","18-19","1st","Labor and Human Resources","right",NA,"20/16",NA,"40",0.0895463059429904,0.091459195806942,0.00665871295757058,0.18204667577605,0.178895161992019,0.0237390890568051,6,8,27,7,3.5,2.66666666666667,3.18333333333333,0.316666666666667,-0.516666666666667,4,5,4,2,5,4,4,2,2,4,5,5,4,4,3,4,4,1,5,5,4,1,1,4,1,4,5,1,1,4,4,2,4,1,1,1,5,4,4,4,4,4,4,2,4,2,5,1,3,1,4,2,4,5,1,4,3,1,2,3
"108","Female","White","18-19","2nd","psychology","right",NA,"20/16",NA,"40",0.0909384414419487,0.0897388008379933,0.00769097871578906,0.251722861193076,0.251209959651842,0.0229588712292464,4.75,11,20,6,4.36363636363636,2.6,3.8,0.563636363636363,-1.2,1,5,5,5,5,3,4,4,1,5,3,2,5,4,3,5,2,2,4,5,3,4,3,4,3,5,5,2,2,4,4,5,5,5,1,1,4,4,1,4,4,5,5,2,4,5,5,2,4,5,5,5,5,5,5,5,3,2,5,5
"117","Female","White","18-19","1st","Psychology","right",NA,"20/16",NA,"40",0.113187815018828,0.114629318768548,0.00584829593374354,0.277204676925521,0.280919147819062,0.145885663164126,13.25,15,25,6,3.54545454545455,2.33333333333333,2.9,0.645454545454546,-0.566666666666666,4,3,4,2,4,3,3,4,2,1,3,1,4,3,4,5,2,1,4,3,3,1,1,3,2,2,2,2,2,4,3,3,3,4,2,2,4,3,4,4,2,2,4,2,4,2,4,1,5,3,3,2,4,5,4,4,1,2,2,4
"385","Female",NA,NA,NA,NA,NA,NA,NA,NA,NA,0.112650858827589,0.11277694527148,0.00943737283435833,0.220664335830992,0.274641455812334,0.148139599387355,NA,NA,NA,NA,NA,NA,NA,NA,NA,NA,NA,NA,NA,NA,NA,NA,NA,NA,NA,NA,NA,NA,NA,NA,NA,NA,NA,NA,NA,NA,NA,NA,NA,NA,NA,NA,NA,NA,NA,NA,NA,NA,NA,NA,NA,NA,NA,NA,NA,NA,NA,NA,NA,NA,NA,NA,NA,NA,NA,NA,NA,NA,NA,NA,NA,NA,NA,NA,NA
